create table cidade (id bigint not null auto_increment, nome varchar(255) not null, estado_id bigint not null, primary key (id)) engine=MyISAM
create table cozinha (id bigint not null auto_increment, nome varchar(255) not null, primary key (id)) engine=MyISAM
create table estado (id bigint not null auto_increment, nome varchar(255) not null, primary key (id)) engine=MyISAM
create table forma_pagamento (id bigint not null auto_increment, descricao varchar(255) not null, primary key (id)) engine=MyISAM
create table grupo (id bigint not null auto_increment, nome varchar(255) not null, primary key (id)) engine=MyISAM
create table grupo_permissao (grupo_id bigint not null, permissao_id bigint not null) engine=MyISAM
create table permissao (id bigint not null auto_increment, descricao varchar(255) not null, nome varchar(255) not null, primary key (id)) engine=MyISAM
create table produto (id bigint not null auto_increment, ativo bit not null, descricao varchar(255) not null, nome varchar(255) not null, preco decimal(19,2) not null, restaurante_id bigint not null, primary key (id)) engine=MyISAM
create table restaurante (id bigint not null auto_increment, data_atualizacao datetime not null, data_cadastro datetime not null, endereco_bairro varchar(255), endereco_cep varchar(255), endereco_complemento varchar(255), endereco_logradouro varchar(255), endereco_numero varchar(255), nome varchar(255) not null, taxa_frete decimal(19,2) not null, cozinha_id bigint not null, endereco_cidade_id bigint, primary key (id)) engine=MyISAM
create table restaurante_forma_pagamento (restaurante_id bigint not null, forma_pagamento_id bigint not null) engine=MyISAM
create table usuario (id bigint not null auto_increment, data_cadastro datetime not null, email varchar(255) not null, nome varchar(255) not null, senha varchar(255) not null, primary key (id)) engine=MyISAM
create table usuario_grupo (usuario_id bigint not null, grupo_id bigint not null) engine=MyISAM
alter table cidade add constraint FKkworrwk40xj58kevvh3evi500 foreign key (estado_id) references estado (id)
alter table grupo_permissao add constraint FKh21kiw0y0hxg6birmdf2ef6vy foreign key (permissao_id) references permissao (id)
alter table grupo_permissao add constraint FKta4si8vh3f4jo3bsslvkscc2m foreign key (grupo_id) references grupo (id)
alter table produto add constraint FKb9jhjyghjcn25guim7q4pt8qx foreign key (restaurante_id) references restaurante (id)
alter table restaurante add constraint FK76grk4roudh659skcgbnanthi foreign key (cozinha_id) references cozinha (id)
alter table restaurante add constraint FKbc0tm7hnvc96d8e7e2ulb05yw foreign key (endereco_cidade_id) references cidade (id)
alter table restaurante_forma_pagamento add constraint FK7aln770m80358y4olr03hyhh2 foreign key (forma_pagamento_id) references forma_pagamento (id)
alter table restaurante_forma_pagamento add constraint FKa30vowfejemkw7whjvr8pryvj foreign key (restaurante_id) references restaurante (id)
alter table usuario_grupo add constraint FKk30suuy31cq5u36m9am4om9ju foreign key (grupo_id) references grupo (id)
alter table usuario_grupo add constraint FKdofo9es0esuiahyw2q467crxw foreign key (usuario_id) references usuario (id)
insert into cozinha (id, nome) values (1, 'Tailandesa')
insert into cozinha (id, nome) values (2, 'Indiana')
insert into cozinha (id, nome) values (3, 'Argentina')
insert into cozinha (id, nome) values (4, 'Brasileira')
insert into estado (id, nome) values (1, 'Minas Gerais')
insert into estado (id, nome) values (2, 'São Paulo')
insert into estado (id, nome) values (3, 'Ceará')
insert into cidade (id, nome, estado_id) values (1, 'Uberlândia', 1)
insert into cidade (id, nome, estado_id) values (2, 'Belo Horizonte', 1)
insert into cidade (id, nome, estado_id) values (3, 'São Paulo', 2)
insert into cidade (id, nome, estado_id) values (4, 'Campinas', 2)
insert into cidade (id, nome, estado_id) values (5, 'Fortaleza', 3)
insert into restaurante (id, nome, taxa_frete, cozinha_id, data_cadastro, data_atualizacao, endereco_cidade_id, endereco_cep, endereco_logradouro, endereco_numero, endereco_bairro) values (1, 'Thai Gourmet', 10, 1, utc_timestamp, utc_timestamp, 1, '38400-999', 'Rua João Pinheiro', '1000', 'Centro')
insert into restaurante (id, nome, taxa_frete, cozinha_id, data_cadastro, data_atualizacao) values (2, 'Thai Delivery', 9.50, 1, utc_timestamp, utc_timestamp)
insert into restaurante (id, nome, taxa_frete, cozinha_id, data_cadastro, data_atualizacao) values (3, 'Tuk Tuk Comida Indiana', 15, 2, utc_timestamp, utc_timestamp)
insert into restaurante (id, nome, taxa_frete, cozinha_id, data_cadastro, data_atualizacao) values (4, 'Java Steakhouse', 12, 3, utc_timestamp, utc_timestamp)
insert into restaurante (id, nome, taxa_frete, cozinha_id, data_cadastro, data_atualizacao) values (5, 'Lanchonete do Tio Sam', 11, 4, utc_timestamp, utc_timestamp)
insert into restaurante (id, nome, taxa_frete, cozinha_id, data_cadastro, data_atualizacao) values (6, 'Bar da Maria', 6, 4, utc_timestamp, utc_timestamp)
insert into forma_pagamento (id, descricao) values (1, 'Cartão de crédito')
insert into forma_pagamento (id, descricao) values (2, 'Cartão de débito')
insert into forma_pagamento (id, descricao) values (3, 'Dinheiro')
insert into permissao (id, nome, descricao) values (1, 'CONSULTAR_COZINHAS', 'Permite consultar cozinhas')
insert into permissao (id, nome, descricao) values (2, 'EDITAR_COZINHAS', 'Permite editar cozinhas')
insert into restaurante_forma_pagamento (restaurante_id, forma_pagamento_id) values (1, 1), (1, 2), (1, 3), (2, 3), (3, 2), (3, 3), (4, 1), (4, 2), (5, 1), (5, 2), (6, 3)
insert into produto (nome, descricao, preco, ativo, restaurante_id) values ('Porco com molho agridoce', 'Deliciosa carne suína ao molho especial', 78.90, 1, 1)
insert into produto (nome, descricao, preco, ativo, restaurante_id) values ('Camarão tailandês', '16 camarões grandes ao molho picante', 110, 1, 1)
insert into produto (nome, descricao, preco, ativo, restaurante_id) values ('Salada picante com carne grelhada', 'Salada de folhas com cortes finos de carne bovina grelhada e nosso molho especial de pimenta vermelha', 87.20, 1, 2)
insert into produto (nome, descricao, preco, ativo, restaurante_id) values ('Garlic Naan', 'Pão tradicional indiano com cobertura de alho', 21, 1, 3)
insert into produto (nome, descricao, preco, ativo, restaurante_id) values ('Murg Curry', 'Cubos de frango preparados com molho curry e especiarias', 43, 1, 3)
insert into produto (nome, descricao, preco, ativo, restaurante_id) values ('Bife Ancho', 'Corte macio e suculento, com dois dedos de espessura, retirado da parte dianteira do contrafilé', 79, 1, 4)
insert into produto (nome, descricao, preco, ativo, restaurante_id) values ('T-Bone', 'Corte muito saboroso, com um osso em formato de T, sendo de um lado o contrafilé e do outro o filé mignon', 89, 1, 4)
insert into produto (nome, descricao, preco, ativo, restaurante_id) values ('Sanduíche X-Tudo', 'Sandubão com muito queijo, hamburger bovino, bacon, ovo, salada e maionese', 19, 1, 5)
insert into produto (nome, descricao, preco, ativo, restaurante_id) values ('Espetinho de Cupim', 'Acompanha farinha, mandioca e vinagrete', 8, 1, 6)
